<?xml version="1.0" encoding="UTF-8"?>
<!DOCTYPE hibernate-configuration PUBLIC
        "-//Hibernate/Hibernate Configuration DTD 3.0//EN"
        "http://www.hibernate.org/dtd/hibernate-configuration-3.0.dtd">
<hibernate-configuration>
	<session-factory>
		<!-- Database connection settings -->
		<property name="connection.driver_class">com.mysql.cj.jdbc.Driver</property>
		<property name="connection.url">jdbc:mysql://localhost/tiendalibros</property>
		<property name="connection.username">root</property>
		<property name="connection.password"> </property>
		<property name="show_sql">true</property>
		<property name="current_session_context_class">thread</property>

		<mapping class="Modulo.Autor" />
		<mapping class="Modulo.Categoria" />
		<mapping class="Modulo.Libro" />
		<mapping class="Modulo.Cliente" />
		<mapping class="Modulo.Pedido" />
		<mapping class="Modulo.DetallePedido" />
		
	</session-factory>
</hibernate-configuration>